roaster_id,name,website
101,3 Monkeys,
105,Anchorhead,https://www.anchorheadcoffee.com
103,Allegro,
115,Blanchards Coffee Roasting Co.,https://blanchardscoffee.com
109,Atomic,http://www.atomicafe.com
117,Bluebeard,https://bluebeardcoffee.com
107,Armistice,
108,Atlas Coffee Importers,
301,Boxcar,https://www.boxcarcoffeeroasters.com
110,Backporch Coffee Roasters,
111,Belleville,
112,Bespoken,
114,Black Sheep,
116,Blue Bottle,
118,Blueprint Coffee,
119,Boon Boona,
121,Bows x Arrows,
122,Brewed Awakenings,
125,Caffe Umbria,
128,Capeuleu,
129,Cedar Spokes,
131,Climpson & Sons,
132,Coava,
133,Coffee Works Project,
135,Curio Coffee,
136,Curva,
138,Dark Arts Coffee,
139,Dark Matter,
140,Dillano,
141,Dorothea,
144,Elm Coffee Roasters,
148,Figure 8 Purveyors,
149,Flat Track,
152,Gaslight Coffee Roasters,
154,Go Get Em Tiger,
156,Haiti Coffee Company,
157,Halfwit,
159,Hedge,
160,Herkimer,
164,Intelligentsia,
165,Ipsento,
167,Java House,
170,Kalsada,
174,Ladro Roasting,
175,LaMill,
176,Lighthouse,
178,Lone Pine Coffee Roasters,
179,Looking Homeward,
182,Medici,
183,Megaphone,
184,Merit,
187,Metropolis,
188,Milimetrica,
189,Moab Coffee Roasters,
190,Monkey Coffee,
194,Neira Cafe Lab,
195,Noble,
200,Onyx,
202,Origen,
205,Posholl Cafe,
208,Q.E.D Coffee,
209,Quentin,
212,Reykavik Roasters,
214,Saint Frank,
216,Sey Coffee,
218,Sir Owlvericks,
219,Sisters,
221,Souvenir,
223,Spyhouse,
224,Square Mile,
226,Stay Golden,
234,Thump Coffee Roasters,
235,TimberTrain,
236,Tin Umbrella,
237,Tony,
241,Westbean,
243,Wrecking Ball,
2,Humphreys Street,
5,Elixr Coffee Roasters,
7,Barista Parlor,
8,Crema,
9,8th & Roast,
22,Retrograde,
23,Rebecca,
24,Sump Coffee,
25,Steadfast Coffee,
217,Sight Glass,
104,Alma Coffee,http://myalmacoffee.com/
113,Bird Rock,https://www.birdrockcoffee.com
130,City of Saints,https://www.cityofsaintscoffee.com
137,Cuvee,https://www.cuveecoffee.com
143,Dune,https://www.dunecoffee.com
146,Empire,https://shop.empireespresso.coffee
153,George Howell,https://store.georgehowellcoffee.com
158,Heart,https://www.heartroasters.com
168,Joe Coffee,http://www.joenewyork.com
171,Kickapoo,https://www.kickapoocoffee.com
197,Oddly Correct,https://www.oddlycorrect.com
198,Olympia,https://www.olympiacoffee.com
199,Onda,https://www.ondaorigins.com
207,Push & Pour,https://www.pushandpour.com
213,Ritual,https://www.ritualroasters.com
215,Seattle Coffee Works,https://www.seattlecoffeeworks.com
220,Slate Coffee Roasters,https://www.slatecoffee.com
230,Sweet Bloom,https://www.sweetbloomcoffee.com
233,The Coffee Collective,https://coffeecollective.dk
238,Vagrant,https://www.vagrantcoffee.com
302,AKA,https://www.aka.coffee
102,Al Mokha,https://www.almokha.com
120,Borola,https://borola.mx
124,Broadsheet,https://broadsheetcoffee.com
127,Camber,https://www.cambercoffee.com
147,Equator,https://www.equatorcoffees.com
123,Broadcast,https://www.broadcastcoffeeroasters.com
126,Caffe Vita,http://www.caffevita.com
244,Common Voice,
150,Form & Function,https://www.formandfunctioncoffee.com
155,Hagen,https://www.hagencoffeeroasters.com
163,Humblemaker Coffee,https://www.humblemaker.coffee
177,Little Wolf,https://www.littlewolf.coffee
180,Mad Cap,https://www.madcapcoffee.com
186,Metric,https://www.metriccoffee.com
196,Novo,https://www.novocoffee.com
201,Onyx Coffee,https://www.onyxcoffeelab.com
203,Panther,https://squareup.com/store/panther-coffee-3
204,Parlor Coffee,https://www.parlorcoffee.com
210,Quills,https://www.quillscoffee.com/
227,Steady State,https://www.steadystateroasting.com/
229,Street Bean,https://www.streetbean.org
232,Temple,https://store.templecoffee.com
242,Wonderstate,https://www.wonderstate.com
27,Airship,https://airshipcoffee.com/pages/about-us
106,Anodyne Coffee Roasters,https://anodynecoffee.com
261,Blueprint Coffee Roasters,https://blueprintcoffee.com
134,Conduit Coffee Company,https://www.conduitcoffee.com
289,Congregation,https://www.congregationcoffee.com/
297,Dogwood,https://dogwoodcoffee.com
293,DOMA,https://domacoffee.com
142,Drink Coffee Do Stuff,https://drinkcoffeedostuff.com
145,Embrace,https://www.embracecoffeeroasting.com
26,Feast,https://www.feastcoffee.com
151,Fulcrum,https://www.fulcrumcoffee.com
271,Gimme!,https://www.gimmecoffee.com
280,Good Citizen,https://www.goodcitizen-coffee.com/
260,Greater Goods,https://www.greatergoodsroasting.com/
161,Highwire,https://www.highwirecoffee.com
162,Huckleberry,https://www.huckleberryroasters.com
166,Irving Farm,https://www.irvingfarm.com
169,Juniors Roasted Coffee,https://www.juniorsroastedcoffee.com
264,Klatch,https://www.klatchroasting.com
172,Kuma,https://www.kumacoffee.com
173,La Terza,https://shop.laterzacoffee.com
181,Maquina,https://www.maquinacoffee.com/coffee/
185,Methodical,https://www.methodicalcoffee.com
1,Mother Tongue Coffee,http://www.mothertonguecoffee.com
192,Moustache Coffee Club,https://www.moustachecoffeeclub.com
272,Necessary,https://www.necessarycoffee.com/
193,Neckar,https://www.neckarcoffee.com
267,Orens,https://www.orensdailyroast.com
300,Passenger,https://www.passengercoffee.com
256,Peixoto,https://www.peixotocoffee.com/
277,Portland,http://www.portlandroasting.com
282,Portrait,https://portrait.coffee/
206,PTs Coffee Roasting Co.,https://www.ptscoffee.com
28,ReAnimator Coffee Roasters,https://www.reanimatorcoffee.com
246,Red Bay,https://www.redbaycoffee.com
287,Red Rooster,https://www.redroostercoffee.com
211,Revelator,https://www.revelatorcoffee.com
281,Sight Glass,https://www.sightglasscoffee.com
273,Small Planes,https://www.smallplanescoffee.com/
222,Sparrows,https://shop.thesparrowsgr.com
225,Stamp Act,https://www.stampactcoffee.com
228,Sterling Coffee Roasters,https://www.sterling.coffee/
296,Stumptown,https://www.stumptowncoffee.com
231,Tandem,https://www.tandemcoffee.com
239,Verve,https://www.vervecoffee.com
240,Victrola,https://www.victrolacoffee.com
